"","coef","se","unmatched","mean_std_diff","max_std_diff","parralel_trend","Pop_density","Dist_sett","Annual_Rain","Dist_track","Dist_river","cal025","cal05","cal1","replacement","maha","glm","rf","ratio1","ratio5","ratio10"
"1",-2.93122013029002,0.469274839679167,309,0.00963226095252659,0.0153601464260586,TRUE,FALSE,FALSE,FALSE,FALSE,FALSE,TRUE,FALSE,FALSE,TRUE,TRUE,FALSE,FALSE,TRUE,FALSE,FALSE
"2",-3.01077942581235,0.456660095509019,309,0.0101858813430984,0.0213780839211737,TRUE,FALSE,FALSE,FALSE,FALSE,FALSE,TRUE,FALSE,FALSE,TRUE,TRUE,FALSE,FALSE,FALSE,TRUE,FALSE
"3",-2.94175205980676,0.438436441676613,309,0.0107876064359515,0.0230549271109695,TRUE,FALSE,FALSE,FALSE,FALSE,FALSE,TRUE,FALSE,FALSE,TRUE,TRUE,FALSE,FALSE,FALSE,FALSE,TRUE
"4",-2.96268502328841,0.463555719918716,309,0.0157745439815224,0.0279428699449895,TRUE,FALSE,FALSE,FALSE,FALSE,FALSE,TRUE,FALSE,FALSE,TRUE,FALSE,TRUE,FALSE,TRUE,FALSE,FALSE
"5",-2.96682213809451,0.452150043449566,309,0.0145182058806932,0.0247803887340103,TRUE,FALSE,FALSE,FALSE,FALSE,FALSE,TRUE,FALSE,FALSE,TRUE,FALSE,TRUE,FALSE,FALSE,TRUE,FALSE
"6",-2.92918243196001,0.44218966920947,309,0.0139545536808766,0.0237277443922307,TRUE,FALSE,FALSE,FALSE,FALSE,FALSE,TRUE,FALSE,FALSE,TRUE,FALSE,TRUE,FALSE,FALSE,FALSE,TRUE
"7",-2.93646494270674,0.458014567488506,309,0.0651258369741141,0.344428000120221,TRUE,FALSE,FALSE,FALSE,FALSE,FALSE,TRUE,FALSE,FALSE,TRUE,FALSE,FALSE,TRUE,TRUE,FALSE,FALSE
"8",-3.01395856781014,0.451931847523246,309,0.096346298909459,0.536759546525868,TRUE,FALSE,FALSE,FALSE,FALSE,FALSE,TRUE,FALSE,FALSE,TRUE,FALSE,FALSE,TRUE,FALSE,TRUE,FALSE
"9",-2.94581153030892,0.444076158933276,309,0.111166225587788,0.62013663809557,TRUE,FALSE,FALSE,FALSE,FALSE,FALSE,TRUE,FALSE,FALSE,TRUE,FALSE,FALSE,TRUE,FALSE,FALSE,TRUE
"10",-2.98501544302167,0.474070383398009,426,0.00867404421521281,0.0221410186794764,TRUE,FALSE,FALSE,FALSE,FALSE,FALSE,TRUE,FALSE,FALSE,FALSE,TRUE,FALSE,FALSE,TRUE,FALSE,FALSE
"11",-2.96054340158291,0.454466067759959,426,0.0104374605302162,0.032494651393046,TRUE,FALSE,FALSE,FALSE,FALSE,FALSE,TRUE,FALSE,FALSE,FALSE,TRUE,FALSE,FALSE,FALSE,TRUE,FALSE
"12",-2.90483907610299,0.444778353538186,426,0.0118252890062514,0.0374542943751341,TRUE,FALSE,FALSE,FALSE,FALSE,FALSE,TRUE,FALSE,FALSE,FALSE,TRUE,FALSE,FALSE,FALSE,FALSE,TRUE
"13",-2.96117714494479,0.464703073457571,391,0.0198247677933839,0.0315149486920974,TRUE,FALSE,FALSE,FALSE,FALSE,FALSE,TRUE,FALSE,FALSE,FALSE,FALSE,TRUE,FALSE,TRUE,FALSE,FALSE
"14",-2.95610122100187,0.462175035498106,391,0.0219932336381317,0.0461811581508813,TRUE,FALSE,FALSE,FALSE,FALSE,FALSE,TRUE,FALSE,FALSE,FALSE,FALSE,TRUE,FALSE,FALSE,TRUE,FALSE
"15",-2.94285623506192,0.452206394833253,391,0.0242110620574708,0.052288570318659,TRUE,FALSE,FALSE,FALSE,FALSE,FALSE,TRUE,FALSE,FALSE,FALSE,FALSE,TRUE,FALSE,FALSE,FALSE,TRUE
"16",-3.1582316132543,0.502883949144806,391,0.0961346457390454,0.52500846105662,TRUE,FALSE,FALSE,FALSE,FALSE,FALSE,TRUE,FALSE,FALSE,FALSE,FALSE,FALSE,TRUE,TRUE,FALSE,FALSE
"17",-2.92760994223505,0.456448183130068,394,0.13499166758011,0.737137647495263,TRUE,FALSE,FALSE,FALSE,FALSE,FALSE,TRUE,FALSE,FALSE,FALSE,FALSE,FALSE,TRUE,FALSE,TRUE,FALSE
"18",-2.9178571012956,0.448550499696953,399,0.144423786738917,0.776357806630653,TRUE,FALSE,FALSE,FALSE,FALSE,FALSE,TRUE,FALSE,FALSE,FALSE,FALSE,FALSE,TRUE,FALSE,FALSE,TRUE
"19",-3.04514594627161,0.484793343441096,5,0.0173412601894536,0.0395106740643742,TRUE,FALSE,FALSE,FALSE,FALSE,FALSE,FALSE,TRUE,FALSE,TRUE,TRUE,FALSE,FALSE,TRUE,FALSE,FALSE
"20",-3.100296854547,0.466614319085196,5,0.0215591679779511,0.0445397664075938,TRUE,FALSE,FALSE,FALSE,FALSE,FALSE,FALSE,TRUE,FALSE,TRUE,TRUE,FALSE,FALSE,FALSE,TRUE,FALSE
"21",-3.05406619749245,0.4571947022793,5,0.0238453924026302,0.0454986977765447,TRUE,FALSE,FALSE,FALSE,FALSE,FALSE,FALSE,TRUE,FALSE,TRUE,TRUE,FALSE,FALSE,FALSE,FALSE,TRUE
"22",-3.3429826155077,0.475549832128171,5,0.0344621206333107,0.089195503065282,TRUE,FALSE,FALSE,FALSE,FALSE,FALSE,FALSE,TRUE,FALSE,TRUE,FALSE,TRUE,FALSE,TRUE,FALSE,FALSE
"23",-3.07069922440243,0.459267995162464,5,0.0354296727161428,0.0879053478732075,TRUE,FALSE,FALSE,FALSE,FALSE,FALSE,FALSE,TRUE,FALSE,TRUE,FALSE,TRUE,FALSE,FALSE,TRUE,FALSE
"24",-3.0567696410176,0.450385191522551,5,0.0362184590833757,0.0853675820804798,TRUE,FALSE,FALSE,FALSE,FALSE,FALSE,FALSE,TRUE,FALSE,TRUE,FALSE,TRUE,FALSE,FALSE,FALSE,TRUE
"25",-3.11403341935132,0.510608025563989,5,0.0458439486521427,0.174191172314452,TRUE,FALSE,FALSE,FALSE,FALSE,FALSE,FALSE,TRUE,FALSE,TRUE,FALSE,FALSE,TRUE,TRUE,FALSE,FALSE
"26",-3.02791509147861,0.477431776974715,5,0.0724694393014272,0.310612362270267,TRUE,FALSE,FALSE,FALSE,FALSE,FALSE,FALSE,TRUE,FALSE,TRUE,FALSE,FALSE,TRUE,FALSE,TRUE,FALSE
"27",-3.00392442435696,0.458981314354913,5,0.0911877696234338,0.416282376528502,TRUE,FALSE,FALSE,FALSE,FALSE,FALSE,FALSE,TRUE,FALSE,TRUE,FALSE,FALSE,TRUE,FALSE,FALSE,TRUE
"28",-3.17210615241828,0.47832735051393,57,0.0181387063266338,0.0398586074072588,TRUE,FALSE,FALSE,FALSE,FALSE,FALSE,FALSE,TRUE,FALSE,FALSE,TRUE,FALSE,FALSE,TRUE,FALSE,FALSE
"29",-3.10718675666156,0.457644300644299,57,0.0283560074823243,0.0693314451532391,TRUE,FALSE,FALSE,FALSE,FALSE,FALSE,FALSE,TRUE,FALSE,FALSE,TRUE,FALSE,FALSE,FALSE,TRUE,FALSE
"30",-3.04228739118031,0.458378727542966,57,0.0382134030657427,0.0910723622427333,TRUE,FALSE,FALSE,FALSE,FALSE,FALSE,FALSE,TRUE,FALSE,FALSE,TRUE,FALSE,FALSE,FALSE,FALSE,TRUE
"31",-3.33558109863861,0.475510949850074,13,0.040855844924741,0.0911409151817364,TRUE,FALSE,FALSE,FALSE,FALSE,FALSE,FALSE,TRUE,FALSE,FALSE,FALSE,TRUE,FALSE,TRUE,FALSE,FALSE
"32",-3.13880723275375,0.462779555401093,13,0.057383918781502,0.113307754996514,TRUE,FALSE,FALSE,FALSE,FALSE,FALSE,FALSE,TRUE,FALSE,FALSE,FALSE,TRUE,FALSE,FALSE,TRUE,FALSE
"33",-3.102672329944,0.4642207586612,13,0.065924750330482,0.126081659793446,TRUE,FALSE,FALSE,FALSE,FALSE,FALSE,FALSE,TRUE,FALSE,FALSE,FALSE,TRUE,FALSE,FALSE,FALSE,TRUE
"34",-3.15008464995127,0.480355801791587,13,0.176621127483669,0.656198033885939,TRUE,FALSE,FALSE,FALSE,FALSE,FALSE,FALSE,TRUE,FALSE,FALSE,FALSE,FALSE,TRUE,TRUE,FALSE,FALSE
"35",-3.01602024871411,0.471920005775413,11,0.242478277263326,1.02187594866809,TRUE,FALSE,FALSE,FALSE,FALSE,FALSE,FALSE,TRUE,FALSE,FALSE,FALSE,FALSE,TRUE,FALSE,TRUE,FALSE
"36",-3.00204254363071,0.470972503991268,11,0.257656353239656,1.11998960189564,TRUE,FALSE,FALSE,FALSE,FALSE,FALSE,FALSE,TRUE,FALSE,FALSE,FALSE,FALSE,TRUE,FALSE,FALSE,TRUE
"37",-3.05155605205916,0.485900149696743,0,0.0168625834648939,0.0388172136535334,TRUE,FALSE,FALSE,FALSE,FALSE,FALSE,FALSE,FALSE,TRUE,TRUE,TRUE,FALSE,FALSE,TRUE,FALSE,FALSE
"38",-3.10800847396453,0.467550000675354,0,0.0213926671911753,0.0440687755489672,TRUE,FALSE,FALSE,FALSE,FALSE,FALSE,FALSE,FALSE,TRUE,TRUE,TRUE,FALSE,FALSE,FALSE,TRUE,FALSE
"39",-3.06522619045981,0.458412868406098,0,0.0238310345879971,0.0457804776551038,TRUE,FALSE,FALSE,FALSE,FALSE,FALSE,FALSE,FALSE,TRUE,TRUE,TRUE,FALSE,FALSE,FALSE,FALSE,TRUE
"40",-3.11616716732972,0.500196650755278,0,0.0734657177794877,0.159722418833252,TRUE,FALSE,FALSE,FALSE,FALSE,FALSE,FALSE,FALSE,TRUE,TRUE,FALSE,TRUE,FALSE,TRUE,FALSE,FALSE
"41",-3.06573408836696,0.468502470044585,0,0.0749362181461018,0.154051658011822,TRUE,FALSE,FALSE,FALSE,FALSE,FALSE,FALSE,FALSE,TRUE,TRUE,FALSE,TRUE,FALSE,FALSE,TRUE,FALSE
"42",-3.07582289864592,0.455879480907986,0,0.0773402598466595,0.153622068031371,TRUE,FALSE,FALSE,FALSE,FALSE,FALSE,FALSE,FALSE,TRUE,TRUE,FALSE,TRUE,FALSE,FALSE,FALSE,TRUE
"43",-3.03148483125495,0.508036943783863,0,0.0364786170988863,0.116251032488508,TRUE,FALSE,FALSE,FALSE,FALSE,FALSE,FALSE,FALSE,TRUE,TRUE,FALSE,FALSE,TRUE,TRUE,FALSE,FALSE
"44",-3.0261300422161,0.476844380840119,0,0.0428819388853513,0.0886330794208227,TRUE,FALSE,FALSE,FALSE,FALSE,FALSE,FALSE,FALSE,TRUE,TRUE,FALSE,FALSE,TRUE,FALSE,TRUE,FALSE
"45",-2.92506438381991,0.454981091113286,0,0.0537461199927398,0.13729147564487,TRUE,FALSE,FALSE,FALSE,FALSE,FALSE,FALSE,FALSE,TRUE,TRUE,FALSE,FALSE,TRUE,FALSE,FALSE,TRUE
"46",-3.18491986068912,0.48254435371257,0,0.0187543455960665,0.0399623399922908,TRUE,FALSE,FALSE,FALSE,FALSE,FALSE,FALSE,FALSE,TRUE,FALSE,TRUE,FALSE,FALSE,TRUE,FALSE,FALSE
"47",-3.16866531698309,0.469305574263885,0,0.0307649834839466,0.0590597353450322,TRUE,FALSE,FALSE,FALSE,FALSE,FALSE,FALSE,FALSE,TRUE,FALSE,TRUE,FALSE,FALSE,FALSE,TRUE,FALSE
"48",-3.09793475957389,0.475910654834491,0,0.045440228804495,0.0829706425910155,TRUE,FALSE,FALSE,FALSE,FALSE,FALSE,FALSE,FALSE,TRUE,FALSE,TRUE,FALSE,FALSE,FALSE,FALSE,TRUE
"49",-3.13013979146936,0.500589614252329,0,0.0764313764880188,0.166600068805132,TRUE,FALSE,FALSE,FALSE,FALSE,FALSE,FALSE,FALSE,TRUE,FALSE,FALSE,TRUE,FALSE,TRUE,FALSE,FALSE
"50",-3.08388304808982,0.462416185362156,0,0.078433010537366,0.160136077778671,TRUE,FALSE,FALSE,FALSE,FALSE,FALSE,FALSE,FALSE,TRUE,FALSE,FALSE,TRUE,FALSE,FALSE,TRUE,FALSE
"51",-3.09603734201631,0.461050722687323,0,0.0848064277341193,0.163704417405912,TRUE,FALSE,FALSE,FALSE,FALSE,FALSE,FALSE,FALSE,TRUE,FALSE,FALSE,TRUE,FALSE,FALSE,FALSE,TRUE
"52",-3.21736251243487,0.528621550024881,0,0.243650424444391,0.641410378651416,TRUE,FALSE,FALSE,FALSE,FALSE,FALSE,FALSE,FALSE,TRUE,FALSE,FALSE,FALSE,TRUE,TRUE,FALSE,FALSE
"53",-3.00167246080253,0.483118989816886,0,0.328645059420725,1.03473098085568,TRUE,FALSE,FALSE,FALSE,FALSE,FALSE,FALSE,FALSE,TRUE,FALSE,FALSE,FALSE,TRUE,FALSE,TRUE,FALSE
"54",-3.01351354189148,0.477752802896452,0,0.352506527714601,1.15707359444684,TRUE,FALSE,FALSE,FALSE,FALSE,FALSE,FALSE,FALSE,TRUE,FALSE,FALSE,FALSE,TRUE,FALSE,FALSE,TRUE
"55",-3.65718411806041,0.575192599129521,0,0.0441854109094243,0.0985040990033402,TRUE,TRUE,FALSE,FALSE,FALSE,FALSE,FALSE,FALSE,TRUE,FALSE,TRUE,FALSE,FALSE,TRUE,FALSE,FALSE
"56",-3.09987450172643,0.464778356567374,0,0.0445640189596827,0.126937121548632,TRUE,FALSE,TRUE,FALSE,FALSE,FALSE,FALSE,FALSE,TRUE,FALSE,TRUE,FALSE,FALSE,TRUE,FALSE,FALSE
"57",-3.29165942372024,0.49126197873459,0,0.162073953447966,0.541678320982058,TRUE,FALSE,FALSE,TRUE,FALSE,FALSE,FALSE,FALSE,TRUE,FALSE,TRUE,FALSE,FALSE,TRUE,FALSE,FALSE
"58",-3.16449061088859,0.498797270710413,0,0.023180756788808,0.0599728599341164,TRUE,FALSE,FALSE,FALSE,TRUE,FALSE,FALSE,FALSE,TRUE,FALSE,TRUE,FALSE,FALSE,TRUE,FALSE,FALSE
"59",-3.12893120270191,0.497272294571941,0,0.0330127270842217,0.0589572153022155,TRUE,FALSE,FALSE,FALSE,FALSE,TRUE,FALSE,FALSE,TRUE,FALSE,TRUE,FALSE,FALSE,TRUE,FALSE,FALSE
"60",-3.34699152407909,0.510198907622253,0,0.0679653325530952,0.130504970091499,TRUE,TRUE,TRUE,FALSE,FALSE,FALSE,FALSE,FALSE,TRUE,FALSE,TRUE,FALSE,FALSE,TRUE,FALSE,FALSE
"61",-3.500917773878,0.540730463011107,0,0.200686415008278,0.785799436162401,TRUE,TRUE,FALSE,TRUE,FALSE,FALSE,FALSE,FALSE,TRUE,FALSE,TRUE,FALSE,FALSE,TRUE,FALSE,FALSE
"62",-3.16736041540568,0.509657782479752,0,0.0432339623421954,0.0822583419445744,TRUE,TRUE,FALSE,FALSE,TRUE,FALSE,FALSE,FALSE,TRUE,FALSE,TRUE,FALSE,FALSE,TRUE,FALSE,FALSE
"63",-3.25628070779716,0.543274743330381,0,0.056578094545237,0.140906074656757,TRUE,TRUE,FALSE,FALSE,FALSE,TRUE,FALSE,FALSE,TRUE,FALSE,TRUE,FALSE,FALSE,TRUE,FALSE,FALSE
"64",-3.28192468198324,0.544535317994791,0,0.154443406215126,0.500027060700206,TRUE,FALSE,TRUE,TRUE,FALSE,FALSE,FALSE,FALSE,TRUE,FALSE,TRUE,FALSE,FALSE,TRUE,FALSE,FALSE
"65",-3.05948389072317,0.478139797734444,0,0.0823902087514861,0.194554467773754,TRUE,FALSE,TRUE,FALSE,TRUE,FALSE,FALSE,FALSE,TRUE,FALSE,TRUE,FALSE,FALSE,TRUE,FALSE,FALSE
"66",-3.14364970515931,0.504375601005712,0,0.0632193227545589,0.133591467332736,TRUE,FALSE,TRUE,FALSE,FALSE,TRUE,FALSE,FALSE,TRUE,FALSE,TRUE,FALSE,FALSE,TRUE,FALSE,FALSE
"67",-3.34297912094217,0.531116041027752,0,0.139492033840117,0.420029089107711,TRUE,FALSE,FALSE,TRUE,TRUE,FALSE,FALSE,FALSE,TRUE,FALSE,TRUE,FALSE,FALSE,TRUE,FALSE,FALSE
"68",-3.43458922329178,0.545310681913087,0,0.181577053518431,0.654813807701041,TRUE,FALSE,FALSE,TRUE,FALSE,TRUE,FALSE,FALSE,TRUE,FALSE,TRUE,FALSE,FALSE,TRUE,FALSE,FALSE
"69",-3.07245479523377,0.490505891568362,0,0.0365868609333947,0.0680342338495211,TRUE,FALSE,FALSE,FALSE,TRUE,TRUE,FALSE,FALSE,TRUE,FALSE,TRUE,FALSE,FALSE,TRUE,FALSE,FALSE
"70",-3.40960636505601,0.542959906714178,0,0.230692986536505,0.82407643125002,TRUE,TRUE,TRUE,TRUE,FALSE,FALSE,FALSE,FALSE,TRUE,FALSE,TRUE,FALSE,FALSE,TRUE,FALSE,FALSE
"71",-3.31202809311252,0.551410285004527,0,0.0873464648407943,0.225194073471445,TRUE,TRUE,TRUE,FALSE,TRUE,FALSE,FALSE,FALSE,TRUE,FALSE,TRUE,FALSE,FALSE,TRUE,FALSE,FALSE
"72",-3.19718895687104,0.564964130530434,0,0.0801884040354096,0.136701795326374,TRUE,TRUE,TRUE,FALSE,FALSE,TRUE,FALSE,FALSE,TRUE,FALSE,TRUE,FALSE,FALSE,TRUE,FALSE,FALSE
"73",-3.36908738918872,0.498666787925169,0,0.161902185346066,0.64904967038164,TRUE,TRUE,FALSE,TRUE,TRUE,FALSE,FALSE,FALSE,TRUE,FALSE,TRUE,FALSE,FALSE,TRUE,FALSE,FALSE
"74",-3.39432791311857,0.536576743694751,0,0.203223499366344,0.843967864002461,TRUE,TRUE,FALSE,TRUE,FALSE,TRUE,FALSE,FALSE,TRUE,FALSE,TRUE,FALSE,FALSE,TRUE,FALSE,FALSE
"75",-3.20252118780286,0.549483662491908,0,0.0403359922985477,0.107749793602908,TRUE,TRUE,FALSE,FALSE,TRUE,TRUE,FALSE,FALSE,TRUE,FALSE,TRUE,FALSE,FALSE,TRUE,FALSE,FALSE
"76",-3.23588594319425,0.512875850544898,0,0.101324986982045,0.223843162461431,TRUE,FALSE,TRUE,TRUE,TRUE,FALSE,FALSE,FALSE,TRUE,FALSE,TRUE,FALSE,FALSE,TRUE,FALSE,FALSE
"77",-3.22509739447771,0.517507007466918,0,0.189608286973169,0.680932293493742,TRUE,FALSE,TRUE,TRUE,FALSE,TRUE,FALSE,FALSE,TRUE,FALSE,TRUE,FALSE,FALSE,TRUE,FALSE,FALSE
"78",-3.070370555998,0.501628416675819,0,0.0945740774953173,0.205040292395846,TRUE,FALSE,TRUE,FALSE,TRUE,TRUE,FALSE,FALSE,TRUE,FALSE,TRUE,FALSE,FALSE,TRUE,FALSE,FALSE
"79",-3.31598073559265,0.550701509876037,0,0.159541198310447,0.556731447856819,TRUE,FALSE,FALSE,TRUE,TRUE,TRUE,FALSE,FALSE,TRUE,FALSE,TRUE,FALSE,FALSE,TRUE,FALSE,FALSE
"80",-3.1451161515958,0.519572455875816,0,0.168773865713839,0.447053885799694,TRUE,TRUE,TRUE,TRUE,TRUE,FALSE,FALSE,FALSE,TRUE,FALSE,TRUE,FALSE,FALSE,TRUE,FALSE,FALSE
"81",-3.23697212195097,0.514244287079918,0,0.246431541292523,0.90285018596626,TRUE,TRUE,TRUE,TRUE,FALSE,TRUE,FALSE,FALSE,TRUE,FALSE,TRUE,FALSE,FALSE,TRUE,FALSE,FALSE
"82",-3.27493039030766,0.577515270065495,0,0.093552946360092,0.186791892698,TRUE,TRUE,TRUE,FALSE,TRUE,TRUE,FALSE,FALSE,TRUE,FALSE,TRUE,FALSE,FALSE,TRUE,FALSE,FALSE
"83",-3.49995945385605,0.55139810295998,0,0.161464815071657,0.649621343410413,TRUE,TRUE,FALSE,TRUE,TRUE,TRUE,FALSE,FALSE,TRUE,FALSE,TRUE,FALSE,FALSE,TRUE,FALSE,FALSE
"84",-3.20230396138965,0.53629259290331,0,0.135037813438505,0.310446341113895,TRUE,FALSE,TRUE,TRUE,TRUE,TRUE,FALSE,FALSE,TRUE,FALSE,TRUE,FALSE,FALSE,TRUE,FALSE,FALSE
"85",-3.178036381361,0.547028012362426,3,0.191523367950901,0.527127543021083,TRUE,TRUE,TRUE,TRUE,TRUE,TRUE,FALSE,FALSE,TRUE,FALSE,TRUE,FALSE,FALSE,TRUE,FALSE,FALSE
